{
  "none": {
    "16": {
      "total_second": 5.0400755405426025,
      "average_second": 0.00010080151081085204
    },
    "32": {
      "total_second": 5.507979393005371,
      "average_second": 0.00011015958786010742
    },
    "64": {
      "total_second": 6.404033899307251,
      "average_second": 0.00012808067798614502
    }
  },
  "avg_pool_3x3": {
    "16": {
      "total_second": 17.157782077789307,
      "average_second": 0.00034315564155578613
    },
    "32": {
      "total_second": 28.912123203277588,
      "average_second": 0.0005782424640655518
    },
    "64": {
      "total_second": 54.4080913066864,
      "average_second": 0.0010881618261337279
    }
  },
  "max_pool_3x3": {
    "16": {
      "total_second": 38.08667230606079,
      "average_second": 0.0007617334461212157
    },
    "32": {
      "total_second": 69.51137256622314,
      "average_second": 0.0013902274513244628
    },
    "64": {
      "total_second": 132.38327598571777,
      "average_second": 0.0026476655197143553
    }
  },
  "skip_connect": {
    "16": {
      "total_second": 3.223734140396118,
      "average_second": 6.447468280792238e-5
    },
    "32": {
      "total_second": 2.9594223499298096,
      "average_second": 5.91884469985962e-5
    },
    "64": {
      "total_second": 3.2067651748657227,
      "average_second": 6.413530349731445e-5
    }
  },
  "sep_conv_3x3": {
    "16": {
      "total_second": 175.2445011138916,
      "average_second": 0.003504890022277832
    },
    "32": {
      "total_second": 208.853949546814,
      "average_second": 0.004177078990936279
    },
    "64": {
      "total_second": 268.6569607257843,
      "average_second": 0.005373139214515686
    }
  },
  "sep_conv_5x5": {
    "16": {
      "total_second": 179.1181123256683,
      "average_second": 0.0035823622465133665
    },
    "32": {
      "total_second": 214.99971127510068,
      "average_second": 0.004299994225502014
    },
    "64": {
      "total_second": 274.7286901473999,
      "average_second": 0.005494573802947998
    }
  },
  "sep_conv_7x7": {
    "16": {
      "total_second": 177.80708718299866,
      "average_second": 0.0035561417436599727
    },
    "32": {
      "total_second": 212.65314769744876,
      "average_second": 0.004253062953948975
    },
    "64": {
      "total_second": 264.8549587726593,
      "average_second": 0.005297099175453186
    }
  },
  "dil_conv_3x3": {
    "16": {
      "total_second": 94.84623479843141,
      "average_second": 0.0018969246959686281
    },
    "32": {
      "total_second": 140.63236236572266,
      "average_second": 0.002812647247314453
    },
    "64": {
      "total_second": 233.59876370429996,
      "average_second": 0.004671975274086
    }
  },
  "dil_conv_5x5": {
    "16": {
      "total_second": 134.58167386054993,
      "average_second": 0.0026916334772109987
    },
    "32": {
      "total_second": 218.74626207351685,
      "average_second": 0.004374925241470337
    },
    "64": {
      "total_second": 393.5361444950104,
      "average_second": 0.007870722889900206
    }
  },
  "conv_7x1_1x7": {
    "16": {
      "total_second": 114.67148661613464,
      "average_second": 0.002293429732322693
    },
    "32": {
      "total_second": 121.06221246719359,
      "average_second": 0.0024212442493438727
    },
    "64": {
      "total_second": 161.3876781463623,
      "average_second": 0.003227753562927246
    }
  }
}
